{"train_losses": [1.016577776740579, 0.9957360169466805, 1.0065154293004204, 0.9775437432176927, 0.9773334299816805], "val_losses": [0.9261127233505249, 0.9271692156791687, 0.9259988069534302, 0.925640344619751, 0.9221365332603455], "metrics": {"mae": 430108.49690223014, "mape": 31.975804413626264, "rmse": 712882.9598689086}, "timestamp": "20250131_172441"}