{"train_losses": [1997550256128.0], "val_losses": [1637001592832.0], "metrics": {"mae": 431217.63717665407, "mape": 46.14240963478276, "rmse": 701861.9519315705}, "timestamp": "20250125_024431"}