{"train_losses": [1.334273338317871], "val_losses": [0.1550050973892212], "metrics": {"mae": 290376.510729995, "mape": 48.07457351925559, "rmse": 344767.66658269375}, "timestamp": "20250130_021934"}