{"train_losses": [1.1042282581329346, 1.103724479675293, 1.098281979560852, 1.1017200946807861, 1.1004432439804077], "val_losses": [0.6499353647232056, 0.648606538772583, 0.647423505783081, 0.6463302373886108, 0.6453640460968018], "metrics": {"mae": 369304.5630209632, "mape": 25.62383128834262, "rmse": 677441.0045408631}, "timestamp": "20250131_172420"}