{"train_losses": [1.0888519436120987], "val_losses": [0.5864543616771698], "metrics": {"mae": 427992.2127152379, "mape": 30.531080088698015, "rmse": 765080.0639678643}, "timestamp": "20250131_023925"}