{"train_losses": [1.0974759235978127], "val_losses": [0.878179669380188], "metrics": {"mae": 424858.4045626214, "mape": 29.32302900847771, "rmse": 771679.0932274688}, "timestamp": "20250131_023851"}