{"train_losses": [1.1567310094833374, 1.1560425758361816, 1.1553316116333008, 1.1557151079177856, 1.156737208366394, 1.1553971767425537, 1.1553258895874023, 1.1555320024490356, 1.1549289226531982, 1.1545432806015015, 1.1548773050308228, 1.154680609703064, 1.155397653579712, 1.154325008392334, 1.1543434858322144, 1.1543751955032349, 1.154280662536621, 1.1547249555587769, 1.1543467044830322, 1.1549407243728638, 1.1542659997940063, 1.1543580293655396, 1.154146671295166, 1.1537760496139526, 1.1543054580688477, 1.1544363498687744, 1.1542913913726807, 1.1540861129760742, 1.1549623012542725, 1.1543664932250977, 1.1543159484863281, 1.1543267965316772, 1.1539984941482544, 1.154161810874939, 1.153944492340088, 1.1540416479110718, 1.1541091203689575, 1.1555242538452148, 1.153908610343933, 1.153897762298584, 1.1539314985275269, 1.1541060209274292, 1.1540471315383911, 1.1537362337112427, 1.1541014909744263, 1.154427409172058, 1.1547715663909912, 1.1545284986495972, 1.1543359756469727, 1.154263973236084], "val_losses": [0.4162712097167969, 0.41536447405815125, 0.41501620411872864, 0.41538915038108826, 0.4159187078475952, 0.415912002325058, 0.41601991653442383, 0.4159533381462097, 0.4157288074493408, 0.4151782989501953, 0.41443368792533875, 0.41352105140686035, 0.41296297311782837, 0.41260144114494324, 0.41229599714279175, 0.4118717610836029, 0.4115418493747711, 0.4111190736293793, 0.41080203652381897, 0.4105605185031891, 0.41019219160079956, 0.40988996624946594, 0.409529447555542, 0.4091525077819824, 0.40887919068336487, 0.40859150886535645, 0.40831848978996277, 0.4080033302307129, 0.4077054262161255, 0.40747302770614624, 0.4073457419872284, 0.407003253698349, 0.40668371319770813, 0.4065305292606354, 0.40660321712493896, 0.4067123234272003, 0.40692102909088135, 0.40714535117149353, 0.40741196274757385, 0.40782296657562256, 0.40813231468200684, 0.40866416692733765, 0.4091775119304657, 0.4096766412258148, 0.4100094735622406, 0.4101886749267578, 0.4102357029914856, 0.4102597236633301, 0.4101720154285431, 0.41016706824302673], "metrics": {"mae": 369574.27857433946, "mape": 26.791334268191072, "rmse": 668239.6309640517}, "timestamp": "20250131_172455"}