{"train_losses": [0.7509891390800476], "val_losses": [1.7062389850616455], "metrics": {"mae": 248221.16823747224, "mape": 22.198815367862377, "rmse": 322216.3017399003}, "timestamp": "20250131_022621"}