{"train_losses": [193.6273193359375], "val_losses": [184.83531188964844], "metrics": {"mae": 279668.87728800107, "mape": 45.61287176039845, "rmse": 326362.602738887}, "timestamp": "20250130_014734"}