{"train_losses": [2375691272192.0], "val_losses": [1134469840896.0], "metrics": {"mae": 459869.09396655206, "mape": 54.500515030781436, "rmse": 704344.1508691873}, "timestamp": "20250125_024511"}