{"train_losses": [1.004993200302124], "val_losses": [1.0110844373703003], "metrics": {"mae": 273888.5472228987, "mape": 44.667859589839175, "rmse": 321811.66225059854}, "timestamp": "20250130_022316"}