{"train_losses": [0.8511006832122803], "val_losses": [1.4092097282409668], "metrics": {"mae": 282930.5620644143, "mape": 46.94629620067473, "rmse": 337614.61950265884}, "timestamp": "20250130_022215"}