{"train_losses": [1.0132989585399628, 0.9916687831282616, 1.026320993900299, 1.0288311019539833, 1.00682682543993], "val_losses": [0.9326169192790985, 0.9323937296867371, 0.9323754608631134, 0.9316371083259583, 0.9308342635631561], "metrics": {"mae": 420112.09448129643, "mape": 29.963023475136087, "rmse": 753003.4797358166}, "timestamp": "20250131_172404"}