{"train_losses": [0.8608299493789673, 0.8639697432518005, 0.8573254942893982, 0.8572394847869873, 0.855370044708252], "val_losses": [1.5805495977401733, 1.5851813554763794, 1.5899347066879272, 1.5948050022125244, 1.5997544527053833], "metrics": {"mae": 371362.04580224346, "mape": 26.218317904493613, "rmse": 678383.7985153955}, "timestamp": "20250131_172157"}